{
    "id": "storyroll",
    "title": "Story Roll- An Example FVTT Module",
    "description": "module for Foundryvtt",
    "url": "https://github.com/Bremelin/Storyroll",
    "manifest": "https://github.com/my-user/my-module/releases/latest/download/module.json",
    "download": "https://github.com/my-user/my-module/releases/download/1.0.0/module.zip",
    "authors": [
      {
      "name": "JS"
      }
    ],
    "scripts": [
    "init.js"
    ]
    "version": "1.0.0",
    "compatibility": {
      "minimum": "12",
      "verified": "12"
    }
  }